Observations,Dimensions,Time
10.0,1,1.034242868423462
10.0,10,0.21557307243347168
