Observations,Dimensions,Time
100.0,1,1.405630350112915
100.0,10,0.8779251575469971
1000.0,1,5.418237924575806
1000.0,10,9.197327375411987
10000.0,1,435.9871792793274
10000.0,10,476.7695965766907
100000.0,1,
100000.0,10,