Observations,Dimensions,Time
100.0,1,0.1173701286315918
100.0,10,0.17930817604064941
1000.0,1,0.39029645919799805
1000.0,10,0.9284820556640625
10000.0,1,3.5484459400177
10000.0,10,8.983053922653198
100000.0,1,39.105472803115845
100000.0,10,115.18036341667175
