Observations,Dimensions,Time
100.0,1,0.04546833038330078
100.0,10,0.07317161560058594
1000.0,1,0.08769702911376953
1000.0,10,0.17114686965942383
10000.0,1,0.5424849987030029
10000.0,10,1.334451675415039
100000.0,1,5.2909486293792725
100000.0,10,13.700852394104004
