Observations,Dimensions,Time
100.0,1,0.04058527946472168
100.0,10,0.0939795970916748
1000.0,1,0.35826611518859863
1000.0,10,0.859717845916748
10000.0,1,3.8131837844848633
10000.0,10,9.412480115890503
100000.0,1,43.28577637672424
100000.0,10,108.7990493774414
