Observations,Dimensions,Time
100.0,1,0.02872180938720703
100.0,10,0.06255507469177246
1000.0,1,0.22671890258789062
1000.0,10,0.580665111541748
10000.0,1,2.271827220916748
10000.0,10,6.136166095733643
100000.0,1,24.173893213272095
100000.0,10,64.33742594718933
1000000.0,1,259.12022280693054
1000000.0,10,1262.8501980304718
